{"cameraMode":{"drawMode":0,"name":"Shaded","section":"Shading Mode"},"sceneLighting":true,"audioPlay":false,"sceneViewState":{"m_AlwaysRefresh":false,"showFog":true,"showSkybox":true,"showFlares":true,"showImageEffects":true,"showParticleSystems":true,"showVisualEffectGraphs":true,"m_FxEnabled":true},"in2DMode":false,"pivot":{"x":26.68842124938965,"y":11.663087844848633,"z":72.45174407958985},"rotation":{"x":0.01092089619487524,"y":0.9888567328453064,"z":-0.11772307753562927,"w":0.09102889150381088},"size":39.99235916137695,"orthographic":false}